{
    "loss": 0.818992555141449,
    "accuracy": 0.5686274766921997
}