{
    "loss": 1.3053085803985596,
    "accuracy": 0.5686274766921997
}