{
    "loss": 0.3946590721607208,
    "accuracy": 0.8039215803146362
}